Trans Date,Post Date,Description,Category,Charge,Credit
8/4/17,8/4/17,SAVE AS YOU GO TRANSFER DEBIT TO XXXXXXXXXXX9198,Savings,-4,
8/4/17,8/4/17,Digit Savings WksfRRBjFf-Jejz Brittany Mayes,Savings,-3.06,
8/4/17,8/4/17,PURCHASE AUTHORIZED ON 08/02 LYFT *RIDE WED 2 LYFT.COM CA S587215087823473 CARD 3435,Transportation,-20.55,
8/4/17,8/4/17,PURCHASE AUTHORIZED ON 08/02 MT HIAW TVM LNBERG MINNEAPOLIS MN S587214816040346 CARD 3435,Transportation,-2.25,
8/4/17,8/4/17,PURCHASE AUTHORIZED ON 08/02 PARADIES #9391 DCA ARLINGTON VA S307214686356855 CARD 3435,Dining,-23.84,
8/3/17,8/3/17,SAVE AS YOU GO TRANSFER DEBIT TO XXXXXXXXXXX9198,Savings,-2,
8/3/17,8/3/17,Digit Savings ZJzh12_5Yf-Jlfn Brittany Mayes,Savings,-3.58,
8/3/17,8/3/17,PURCHASE AUTHORIZED ON 08/02 SOTAROL STADIUM VI MINNEAPOLIS MN S467215044870452 CARD 3435,Dining,-37.24,
8/2/17,8/2/17,SAVE AS YOU GO TRANSFER DEBIT TO XXXXXXXXXXX9198,Savings,-3,
8/2/17,8/2/17,Digit Savings -kwNlFoFKzWJgPV Brittany Mayes,Savings,-28.1,
8/2/17,8/2/17,PURCHASE AUTHORIZED ON 08/01 IMPARK00510137A WASHINGTON DC S307213783581894 CARD 3435,Transportation,-12,
8/2/17,8/2/17,PURCHASE AUTHORIZED ON 07/31 SEASONS CULINARY S WASHINGTON DC S467212626545090 CARD 3435,Dining,-7.65,
8/2/17,8/2/17,VENMO CASHOUT XXXXX6255 BRITTANY MAYES,Transfer,,249.98
8/1/17,8/1/17,SAVE AS YOU GO TRANSFER DEBIT TO XXXXXXXXXXX9198,Savings,-6,
8/1/17,8/1/17,Digit Savings -1U50SAuFz-ye8q Brittany Mayes,Savings,-11.53,
8/1/17,8/1/17,NFCU ACH PAYMENT 170731 811193440000002 BRITTANY MAYES,Payment,-331,
8/1/17,8/1/17,PURCHASE AUTHORIZED ON 07/31 GIANT 0378 WASHINGTON DC P00587213065869984 CARD 3435,Grocery,-11.96,
8/1/17,8/1/17,PURCHASE AUTHORIZED ON 07/31 IMPARK00510137A WASHINGTON DC S307212826766921 CARD 3435,Transportation,-7.5,
8/1/17,8/1/17,PURCHASE AUTHORIZED ON 07/31 IMPARK00510137A WASHINGTON DC S307212588156667 CARD 3435,Transportation,-6,
8/1/17,8/1/17,PURCHASE AUTHORIZED ON 07/31 LYFT *RIDE SUN 1 LYFT.COM CA S387212188710637 CARD 3435,Transportation,-6.62,
7/31/17,7/31/17,SAVE AS YOU GO TRANSFER DEBIT TO XXXXXXXXXXX9198,Savings,-14,
7/31/17,7/31/17,Digit Savings Wk8lWXW_YzbJgLl Brittany Mayes,Savings,-2.02,
7/31/17,7/31/17,PURCHASE AUTHORIZED ON 07/31 HARRIS TE 1201 FIRST S WASHINGTON DC P00000000484075445 CARD 3435,Grocery,-30.1,
7/31/17,7/31/17,PURCHASE AUTHORIZED ON 07/31 UNLEASHED 5817 WASHINGTON DC P00000000847577117 CARD 3435,Shopping,-18.05,
7/31/17,7/31/17,PURCHASE AUTHORIZED ON 07/30 GIANT 0378 WASHINGTON DC P00387212039376520 CARD 3435,Grocery,-14.24,
7/31/17,7/31/17,PURCHASE AUTHORIZED ON 07/30 TARGET T- 3100 14th St Washington DC P00000000334781169 CARD 3435,Shopping,-15.37,
7/31/17,7/31/17,PURCHASE AUTHORIZED ON 07/30 DAIRY QUEEN #15373 WOODBRIDGE VA S587211791991510 CARD 3435,Dining,-9.09,
7/31/17,7/31/17,PURCHASE AUTHORIZED ON 07/29 LYFT *RIDE SAT 1 LYFT.COM CA S467211103295908 CARD 3435,Transportation,-11,
7/31/17,7/31/17,PURCHASE AUTHORIZED ON 07/29 LYFT *RIDE SAT 7 LYFT.COM CA S387211083311620 CARD 3435,Transportation,-4.8,
7/31/17,7/31/17,PURCHASE AUTHORIZED ON 07/29 LYFT *RIDE SAT 4 LYFT.COM CA S467210837185630 CARD 3435,Transportation,-5.15,
7/31/17,7/31/17,PURCHASE AUTHORIZED ON 07/29 FANDANGO.COM FANDANGO.COM CA S387210710241905 CARD 3435,Entertainment,-14.81,
7/31/17,7/31/17,PURCHASE AUTHORIZED ON 07/29 UBER US JUL29 S6 HELP.UBER.COM CA S387210619886475 CARD 3435,Transportation,-4.51,
7/31/17,7/31/17,PURCHASE AUTHORIZED ON 07/29 UBER US JUL29 DV HELP.UBER.COM CA S587210556279581 CARD 3435,Transportation,-3.71,
7/31/17,7/31/17,PURCHASE AUTHORIZED ON 07/30 FANDANGO.COM FANDANGO.COM CA S467210547207860 CARD 3435,Entertainment,-14.81,
7/31/17,7/31/17,ONLINE TRANSFER REF #IBECNPNYRY TO COLLEGE CARD XXXXXXXXXXXX1764 ON 07/29/17,Payment,-9.5,
7/31/17,7/31/17,PURCHASE AUTHORIZED ON 07/28 LYFT *RIDE THU 1 LYFT.COM CA S587209792873508 CARD 3435,Transportation,-6.05,
7/28/17,7/28/17,SAVE AS YOU GO TRANSFER DEBIT TO XXXXXXXXXXX9198,Savings,-6,
7/28/17,7/28/17,Digit Savings -JWyQ5FHKMZ1x-J Brittany Mayes,Savings,-5.95,
7/28/17,7/28/17,Stackhouse Manag WEB PMTS 072817 76JKP3 Brittany Mayes,Bills,-737.5,
7/28/17,7/28/17,CHASE CREDIT CRD EPAY 170727 3180208623 BRITTANY R MAYES,Payment,-700,
7/28/17,7/28/17,PW Resident Dire WEB PMTS 072817 V8TKP3 Brittany Mayes,Bills,-1.95,
7/28/17,7/28/17,PURCHASE AUTHORIZED ON 07/28 HARRIS TE 1201 FIRST S WASHINGTON DC P00000000755573377 CARD 3435,Grocery,-5.99,
7/28/17,7/28/17,PURCHASE AUTHORIZED ON 07/27 UBER US JUL27 NM HELP.UBER.COM CA S307208760636199 CARD 3435,Transportation,-9.15,
7/27/17,7/27/17,SAVE AS YOU GO TRANSFER DEBIT TO XXXXXXXXXXX9198,Savings,-1,
7/27/17,7/27/17,PURCHASE AUTHORIZED ON 07/27 HARRIS TE 1201 FIRST S WASHINGTON DC P00000000684708801 CARD 3435,Grocery,-4.29,
7/27/17,7/27/17,NATL PUB RADIO PAYROLL 170725 XXXXX0379 Mayes Brittany,Paycheck,,1667.73
7/24/17,7/24/17,SAVE AS YOU GO TRANSFER DEBIT TO XXXXXXXXXXX9198,Savings,-7,
7/24/17,7/24/17,PURCHASE AUTHORIZED ON 07/23 UBER US JUL23 IS HELP.UBER.COM CA S387205021516830 CARD 3435,Transportation,-3.98,
7/24/17,7/24/17,PURCHASE AUTHORIZED ON 07/23 LYFT *RIDE SAT 9 LYFT.COM CA S387205021122618 CARD 3435,Transportation,-6.08,
7/24/17,7/24/17,PURCHASE AUTHORIZED ON 07/23 Smith Public Trust Washington DC S307204038603620 CARD 3435,Entertainment,-11,
7/24/17,7/24/17,PURCHASE AUTHORIZED ON 07/22 CVS/PHARMACY #01 01333 WASHINGTON DC P00587203818583615 CARD 3435,Shopping,-2.09,
7/24/17,7/24/17,PURCHASE AUTHORIZED ON 07/22 UBER TRIP LCDL3 HELP.UBER.COM CA S467203813972090 CARD 3435,Transportation,-8.88,
7/24/17,7/24/17,PURCHASE AUTHORIZED ON 07/21 LYFT *RIDE THU 9 LYFT.COM CA S307203072712010 CARD 3435,Transportation,-5.25,
7/24/17,7/24/17,PURCHASE AUTHORIZED ON 07/21 & PIZZA CHINATOWN WASHINGTON DC S307203008429964 CARD 3435,Dining,-13.25,
7/21/17,7/21/17,SAVE AS YOU GO TRANSFER DEBIT TO XXXXXXXXXXX9198,Savings,-4,
7/21/17,7/21/17,Digit Payment -y2UMihyFz-kghL Brittany Mayes,Savings,-2.99,
7/21/17,7/21/17,PURCHASE AUTHORIZED ON 07/20 LYFT *RIDE THU 1 LYFT.COM CA S387201788805084 CARD 3435,Transportation,-7.55,
7/21/17,7/21/17,PURCHASE AUTHORIZED ON 07/20 LYFT *RIDE THU 1 LYFT.COM CA S387201603630285 CARD 3435,Transportation,-10.31,
7/21/17,7/21/17,PURCHASE AUTHORIZED ON 07/20 LYFT *RIDE WED 6 LYFT.COM CA S307201561187557 CARD 3435,Transportation,-6.01,
7/20/17,7/20/17,SAVE AS YOU GO TRANSFER DEBIT TO XXXXXXXXXXX9198,Savings,-3,
7/20/17,7/20/17,Digit Savings Zyo4XXeytzbyeoN Brittany Mayes,Savings,-32.89,
7/20/17,7/20/17,RECURRING PAYMENT AUTHORIZED ON 07/19 NEW YORK TIMES DIG 800-698-4637 NY S587200724722540 CARD 4759,Entertainment,-8.06,
7/20/17,7/20/17,PURCHASE AUTHORIZED ON 07/18 CHICK-FIL-A #03400 WASHINGTON DC S587200009474850 CARD 3435,Dining,-10.04,
7/19/17,7/19/17,SAVE AS YOU GO TRANSFER DEBIT TO XXXXXXXXXXX9198,Savings,-6,
7/19/17,7/19/17,Digit Savings Wyd3ZeQRuG-1e_n Brittany Mayes,Savings,-25.17,
7/19/17,7/19/17,NFCU ACH PAYMENT 170718 806801630000002 BRITTANY MAYES,Payment,-1034.31,
7/19/17,7/19/17,Stackhouse Manag WEB PMTS 071917 QQTBP3 Brittany Mayes,Bills,-737.5,
7/19/17,7/19/17,PW Resident Dire WEB PMTS 071917 Y3YBP3 Brittany Mayes,Bills,-1.95,
7/19/17,7/19/17,PURCHASE AUTHORIZED ON 07/18 UBER US JUL18 U7 HELP.UBER.COM CA S307199800624110 CARD 3435,Transportation,-10.88,
7/19/17,7/19/17,PURCHASE AUTHORIZED ON 07/18 LYFT *RIDE MON 5 LYFT.COM CA S307199785918396 CARD 3435,Transportation,-4.85,
7/18/17,7/18/17,SAVE AS YOU GO TRANSFER DEBIT TO XXXXXXXXXXX9198,Savings,-2,
7/18/17,7/18/17,Hello Digit Inc. Savings WyRa76BauGbkxA6 Brittany Mayes,Savings,-18.89,
7/18/17,7/18/17,PURCHASE AUTHORIZED ON 07/17 PEPE WASHINGTON DC S387198598446990 CARD 4759,Dining,-14.38,
7/18/17,7/18/17,"ATM CASH DEPOSIT ON 07/18 1200 1ST STREET NE , WASHINGTON DC 0004613 ATM ID 1234V CARD 3435",Payment,,255
7/17/17,7/17/17,SAVE AS YOU GO TRANSFER DEBIT TO XXXXXXXXXXX9198,Savings,-3,
7/17/17,7/17/17,Hello Digit Inc. Savings byDJbsdhOzbklvJ Brittany Mayes,Savings,-14.18,
7/17/17,7/17/17,ONLINE TRANSFER REF #IBENCT7LV8 TO COLLEGE CARD XXXXXXXXXXXX1764 ON 07/17/17,Payment,-13.52,
7/17/17,7/17/17,ONLINE TRANSFER TO MAYES B REF #IB03LJ7M6S WAY2SAVE SAVINGS SIGNING BONUS,Savings,-998.23,
7/17/17,7/17/17,PURCHASE AUTHORIZED ON 07/15 SAFEWAY STORE 2808 WASHINGTON DC P00000000435662704 CARD 4759,Grocery,-13.08,
7/17/17,7/17/17,PURCHASE AUTHORIZED ON 07/14 SQ *TIMBER PIZZA C Washington DC S587196001076995 CARD 4759,Dining,-20.24,
7/17/17,7/17/17,MOBILE DEPOSIT : REF NUMBER :818170197031,Payment,,23
7/17/17,7/17/17,VENMO CASHOUT XXXXX2369 BRITTANY MAYES,Transfer,,123.02
7/14/17,7/14/17,SAVE AS YOU GO TRANSFER DEBIT TO XXXXXXXXXXX9198,Savings,-2,
7/14/17,7/14/17,Hello Digit Inc. Savings ZkiwNZ-5Ozb1ejv Brittany Mayes,Savings,-5.95,
7/14/17,7/14/17,PURCHASE AUTHORIZED ON 07/12 SEASONS CULINARY S WASHINGTON DC S587193604417056 CARD 4759,Dining,-17,
7/13/17,7/13/17,SAVE AS YOU GO TRANSFER DEBIT TO XXXXXXXXXXX9198,Savings,-3,
7/13/17,7/13/17,PURCHASE AUTHORIZED ON 07/13 WUNDER GARTEN WASHINGTON DC S387193811004442 CARD 4759,Dining,-6.9,
7/13/17,7/13/17,PURCHASE AUTHORIZED ON 07/12 CALIBURGER - DC WASHINGTON DC S587193809703918 CARD 4759,Dining,-22.51,
7/13/17,7/13/17,PURCHASE AUTHORIZED ON 07/11 LYFT *RIDE MON 1 LYFT.COM CA S467193103800701 CARD 3435,Transportation,-3.57,
7/13/17,7/13/17,NATL PUB RADIO PAYROLL 170711 XXXXX0379 Mayes Brittany,Paycheck,,1666.69
7/13/17,7/13/17,NATL PUB RADIO PAYROLL 170711 XXXXX0379 Mayes Brittany,Paycheck,,998.23
7/12/17,7/12/17,SAVE AS YOU GO TRANSFER DEBIT TO XXXXXXXXXXX9198,Savings,-3,
7/12/17,7/12/17,PURCHASE AUTHORIZED ON 07/10 TRYCAVIAR.COM BEAU TRYCAVIAR.COM CA S387192036794078 CARD 3435,Dining,-2.2,
7/12/17,7/12/17,PURCHASE AUTHORIZED ON 07/10 TRYCAVIAR.COM BEAU TRYCAVIAR.COM CA S387192031504826 CARD 3435,Dining,-26.4,
7/12/17,7/12/17,PURCHASE AUTHORIZED ON 07/10 SEASONS CULINARY S WASHINGTON DC S587191482997650 CARD 4759,Dining,-5.06,
7/11/17,7/11/17,SAVE AS YOU GO TRANSFER DEBIT TO XXXXXXXXXXX9198,Savings,-8,
7/11/17,7/11/17,Hello Digit Inc. Savings W1RVUOYvOMZyeC4 Brittany Mayes,Savings,-19.76,
7/11/17,7/11/17,PURCHASE AUTHORIZED ON 07/10 SQ *INDIGO - INDIA WASHINGTON DC S467191600050146 CARD 4759,Dining,-27.2,
7/11/17,7/11/17,INTERNATIONAL PURCHASE TRANSACTION FEE,Travel,-0.36,
7/11/17,7/11/17,PURCHASE INTL AUTHORIZED ON 07/09 GRIGORIS SPATA GRC S007190267886360 CARD 3435,Shopping,-12.05,
7/11/17,7/11/17,PURCHASE AUTHORIZED ON 07/09 DUTY FREE SHOPS SPATA GRC S007190253781225 CARD 3435,Shopping,-72.1,
7/11/17,7/11/17,PURCHASE AUTHORIZED ON 07/09 MILLER DISTRIBUTOR SPATA GRC S007190230614726 CARD 3435,Dining,-20.45,
7/11/17,7/11/17,INTERNATIONAL PURCHASE TRANSACTION FEE,Travel,-0.95,
7/11/17,7/11/17,PURCHASE INTL AUTHORIZED ON 07/07 NAKAMA ATHINA GRC S087188650366051 CARD 3435,Dining,-31.69,
7/11/17,7/11/17,INTERNATIONAL PURCHASE TRANSACTION FEE,Travel,-0.17,
7/11/17,7/11/17,PURCHASE INTL AUTHORIZED ON 07/07 MOUSEIO AKROPOLIS ATHINA GRC S087188361873293 CARD 3435,Dining,-5.71,
7/11/17,7/11/17,INTERNATIONAL PURCHASE TRANSACTION FEE,Travel,-0.29,
7/11/17,7/11/17,PURCHASE INTL AUTHORIZED ON 07/07 VENETIS ATHINA GRC S007188305941449 CARD 3435,Dining,-9.93,
7/10/17,7/10/17,SAVE AS YOU GO TRANSFER DEBIT TO XXXXXXXXXXX9198,Savings,-7,
7/10/17,7/10/17,Hello Digit Inc. Savings bkVEiS3IuMWJgNV Brittany Mayes,Savings,-56.39,
7/10/17,7/10/17,PURCHASE AUTHORIZED ON 07/09 LYFT *RIDE SUN 5 LYFT.COM CA S307190811534752 CARD 3435,Transportation,-20.1,
7/10/17,7/10/17,INTERNATIONAL PURCHASE TRANSACTION FEE,Travel,-0.99,
7/10/17,7/10/17,PURCHASE INTL AUTHORIZED ON 07/09 UberBV http://help.u GRC S087190220428302 CARD 3435,Transportation,-33.18,
7/10/17,7/10/17,INTERNATIONAL PURCHASE TRANSACTION FEE,Travel,-0.12,
7/10/17,7/10/17,PURCHASE INTL AUTHORIZED ON 07/08 UberBV http://help.u GRC S087189766004901 CARD 3435,Transportation,-4.05,
7/10/17,7/10/17,INTERNATIONAL PURCHASE TRANSACTION FEE,Travel,-0.2,
7/10/17,7/10/17,PURCHASE INTL AUTHORIZED ON 07/07 EVGENIDOU IDRIMA PAL FALIRO GRC S087188426268965 CARD 3435,Dining,-6.87,
7/10/17,7/10/17,PURCHASE AUTHORIZED ON 07/07 PAYPAL *SOMACOTOUR 402-935-7733 CA S307188266035525 CARD 3435,Dining,-30.69,
7/10/17,7/10/17,INTERNATIONAL PURCHASE TRANSACTION FEE,Travel,-3.43,
7/10/17,7/10/17,PURCHASE INTL AUTHORIZED ON 07/06 SALACHAS MIKONOS GRC S007187275022085 CARD 3435,Shopping,-114.42,
7/7/17,7/7/17,SAVE AS YOU GO TRANSFER DEBIT TO XXXXXXXXXXX9198,Savings,-3,
7/7/17,7/7/17,Hello Digit Inc. Savings Z1Y0o244_GWylYA Brittany Mayes,Savings,-43.38,
7/7/17,7/7/17,INTERNATIONAL PURCHASE TRANSACTION FEE,Travel,-0.1,
7/7/17,7/7/17,PURCHASE INTL AUTHORIZED ON 07/06 UberBV http://help.u GRC S007187715357748 CARD 3435,Transportation,-3.47,
7/7/17,7/7/17,PURCHASE AUTHORIZED ON 07/06 PAYPAL *SLAPS 402-935-7733 CA S387187383854799 CARD 3435,Shopping,-21.95,
7/6/17,7/6/17,Hello Digit Inc. Savings -1-NDRe7_fW1g-4 Brittany Mayes,Savings,,225
7/5/17,7/5/17,SAVE AS YOU GO TRANSFER DEBIT TO XXXXXXXXXXX9198,Savings,-11,
7/5/17,7/5/17,Hello Digit Inc. Savings -yiVgvcMuGbyls4 Brittany Mayes,Savings,-24.62,
7/5/17,7/5/17,INTERNATIONAL PURCHASE TRANSACTION FEE,Travel,-1.15,
7/5/17,7/5/17,PURCHASE INTL AUTHORIZED ON 07/04 GABALAS EYAGGELOS THIRA GRC S087185288426964 CARD 3435,Dining,-38.34,
7/5/17,7/5/17,INTERNATIONAL PURCHASE TRANSACTION FEE,Travel,-0.34,
7/5/17,7/5/17,PURCHASE INTL AUTHORIZED ON 07/03 SURIGOU CHARALAMPI IA GRC S087184439933903 CARD 3435,Dining,-11.38,
7/5/17,7/5/17,INTERNATIONAL PURCHASE TRANSACTION FEE,Travel,-0.22,
7/5/17,7/5/17,PURCHASE INTL AUTHORIZED ON 07/02 AKRON THIRA GRC S087183566439163 CARD 3435,Dining,-7.43,
7/5/17,7/5/17,INTERNATIONAL PURCHASE TRANSACTION FEE,Travel,-0.36,
7/5/17,7/5/17,PURCHASE INTL AUTHORIZED ON 07/02 KANAKARIS MARKOS FIRA THIRAS GRC S007183544056356 CARD 3435,Dining,-12.11,
7/5/17,7/5/17,INTERNATIONAL PURCHASE TRANSACTION FEE,Travel,-0.72,
7/5/17,7/5/17,PURCHASE INTL AUTHORIZED ON 07/02 ASIA CLUB THIRA GRC S007183529310656 CARD 3435,Dining,-24.17,
7/5/17,7/5/17,INTERNATIONAL PURCHASE TRANSACTION FEE,Travel,-0.18,
7/5/17,7/5/17,PURCHASE INTL AUTHORIZED ON 07/02 BOOK STORE & MORE THIRA GRC S007183510652512 CARD 3435,Dining,-6.06,
7/5/17,7/5/17,INTERNATIONAL PURCHASE TRANSACTION FEE,Travel,-0.51,
7/5/17,7/5/17,PURCHASE INTL AUTHORIZED ON 07/02 VIVA POS PAYMENTS RETHYMNO GRC S087183479137585 CARD 3435,Dining,-17.14,
7/5/17,7/5/17,INTERNATIONAL PURCHASE TRANSACTION FEE,Travel,-0.31,
7/5/17,7/5/17,PURCHASE INTL AUTHORIZED ON 07/01 CHARILAOS KATERIS ATHINA GRC S007182375872982 CARD 3435,Dining,-10.63,
7/5/17,7/5/17,INTERNATIONAL PURCHASE TRANSACTION FEE,Travel,-0.23,
7/5/17,7/5/17,PURCHASE INTL AUTHORIZED ON 06/30 MARKET IN ATHINA GRC S007181645391135 CARD 3435,Dining,-7.95,
7/5/17,7/5/17,INTERNATIONAL PURCHASE TRANSACTION FEE,Travel,-0.45,
7/5/17,7/5/17,PURCHASE INTL AUTHORIZED ON 06/30 ALL THAT LP ATHINA GRC S087181393618924 CARD 3435,Dining,-15.09,
7/3/17,7/3/17,SAVE AS YOU GO TRANSFER DEBIT TO XXXXXXXXXXX9198,Savings,-5,
7/3/17,7/3/17,Hello Digit Inc. Savings Z1gvpex-OfbJegD Brittany Mayes,Savings,-13.74,
7/3/17,7/3/17,NFCU ACH PAYMENT 170630 800253320000002 BRITTANY MAYES,Payment,-156.36,
7/3/17,7/3/17,INTERNATIONAL PURCHASE TRANSACTION FEE,Travel,-0.24,
7/3/17,7/3/17,PURCHASE INTL AUTHORIZED ON 07/01 KAYAK SPATA GRC S007182431915285 CARD 3435,Dining,-8.24,
7/3/17,7/3/17,PURCHASE AUTHORIZED ON 06/30 PAYPAL *SOMACOTOUR 402-935-7733 CA S587181317717297 CARD 3435,Shopping,-26,
7/3/17,7/3/17,PURCHASE AUTHORIZED ON 06/30 ULTA.COM 866-858-2266 IL S387179578901412 CARD 3435,Shopping,-57.11,
6/30/17,6/30/17,SAVE AS YOU GO TRANSFER DEBIT TO XXXXXXXXXXX9198,Savings,-4,
6/30/17,6/30/17,Hello Digit Inc. Savings WJAQGdORDfbJlCm Brittany Mayes,Savings,-5.95,
6/30/17,6/30/17,NFCU ACH PAYMENT 170629 798680020000002 BRITTANY MAYES,Payment,-1130.95,
6/30/17,6/30/17,PURCHASE AUTHORIZED ON 06/28 MARRIOTT RIVERBEND 866-435-7627 PA S587179626269673 CARD 3435,Travel,-41,
6/30/17,6/30/17,PURCHASE AUTHORIZED ON 06/28 CHICK FIL A BALTIMORE MD S467179334495455 CARD 3435,Dining,-8.99,
6/29/17,6/29/17,SAVE AS YOU GO TRANSFER DEBIT TO XXXXXXXXXXX9198,Savings,-3,
6/29/17,6/29/17,Hello Digit Inc. Savings -kShbHiTPMbJxSh Brittany Mayes,Savings,-22.61,
6/29/17,6/29/17,PURCHASE AUTHORIZED ON 06/28 BT TIXYOUHADMEATBL 855-997-0447 NY S587179575305022 CARD 3435,Entertainment,-16.83,
6/29/17,6/29/17,PURCHASE AUTHORIZED ON 06/28 NYS COLLECTION BWI LINTHICUM MD S467179391033934 CARD 3435,Travel,-12.72,
6/29/17,6/29/17,NATL PUB RADIO PAYROLL 170627 XXXXX0379 Mayes Brittany,Paycheck,,1582.33
6/28/17,6/28/17,SAVE AS YOU GO TRANSFER DEBIT TO XXXXXXXXXXX9198,Savings,-1,
6/28/17,6/28/17,ATM WITHDRAWAL AUTHORIZED ON 06/27 1175 UNIVERSITY BLVD E TAKOMA PARK MD 0003680 ATM ID 0294Q CARD 3435,Payment,-300,
6/28/17,6/28/17,PURCHASE AUTHORIZED ON 06/28 MCDONALD'S M5579 O HYATTSVILLE MD S467179170432939 CARD 3435,Dining,-1.48,
6/28/17,6/28/17,Hello Digit Inc. Savings Z16kx9HhPzW1eT1 Brittany Mayes,Savings,,537.28
6/27/17,6/27/17,SAVE AS YOU GO TRANSFER DEBIT TO XXXXXXXXXXX9198,Savings,-1,
6/27/17,6/27/17,ONLINE TRANSFER REF #IBECNLY5Y8 TO COLLEGE CARD XXXXXXXXXXXX1764 ON 06/27/17,Payment,-73.44,
6/27/17,6/27/17,PURCHASE AUTHORIZED ON 06/26 Smith Public Trust Washington DC S587177031706068 CARD 3435,Entertainment,-8,
6/27/17,6/27/17,MOBILE DEPOSIT : REF NUMBER :106270026244,Payment,,500
6/26/17,6/26/17,SAVE AS YOU GO TRANSFER DEBIT TO XXXXXXXXXXX9198,Savings,-6,
6/26/17,6/26/17,PURCHASE AUTHORIZED ON 06/25 DSW COLUMBIA HEI 3100 WASHINGTON DC P00467176769783847 CARD 3435,Shopping,-40.13,
6/26/17,6/26/17,PURCHASE AUTHORIZED ON 06/25 GIANT 0378 WASHINGTON DC P00587176479697862 CARD 3435,Grocery,-27.54,
6/26/17,6/26/17,PURCHASE AUTHORIZED ON 06/24 DAIRY QUEEN #15373 WOODBRIDGE VA S467175858949623 CARD 3435,Dining,-4.55,
6/26/17,6/26/17,PURCHASE AUTHORIZED ON 06/24 THAI ORCHID RESTAU WOODBRIDGE VA S587175854187266 CARD 3435,Dining,-21,
6/26/17,6/26/17,PURCHASE AUTHORIZED ON 06/24 CHICK-FIL-A #01431 WOODBRIDGE VA S387175531473832 CARD 3435,Dining,-8.33,
6/26/17,6/26/17,PURCHASE AUTHORIZED ON 06/24 Thip Khao Washington DC S467175033198424 CARD 3435,Dining,-42,
6/23/17,6/23/17,SAVE AS YOU GO TRANSFER DEBIT TO XXXXXXXXXXX9198,Savings,-5,
6/23/17,6/23/17,Hello Digit Inc. Savings b18y_QhdvGZ1eUJ Brittany Mayes,Savings,-37.28,
6/23/17,6/23/17,NFCU ACH PAYMENT 170622 796716540000002 BRITTANY MAYES,Payment,-406,
6/23/17,6/23/17,PURCHASE AUTHORIZED ON 06/22 FANTASTIC NAIL LTD SPRINGFIELD VA S467173826439221 CARD 3435,Entertainment,-65,
6/23/17,6/23/17,PURCHASE AUTHORIZED ON 06/22 IMPARK00510137A WASHINGTON DC S467173753638866 CARD 3435,Transportation,-12,
6/23/17,6/23/17,PURCHASE AUTHORIZED ON 06/22 LUCKY STRIKE WASHI WASHINGTON DC S307173028702667 CARD 3435,Entertainment,-30,
6/23/17,6/23/17,Hello Digit Inc. Bonus WkK8AKn_DM-yeF8 Brittany Mayes,Savings,2.51,
6/22/17,6/22/17,SAVE AS YOU GO TRANSFER DEBIT TO XXXXXXXXXXX9198,Savings,-1,
6/22/17,6/22/17,RECURRING PAYMENT AUTHORIZED ON 06/21 NEW YORK TIMES DIG 800-698-4637 NY S387172760128561 CARD 4759,Entertainment,-8.06,
6/22/17,6/22/17,Hello Digit Inc. Savings Wy-33GiPvM-klW2 Brittany Mayes,Savings,100,
6/21/17,6/21/17,SAVE AS YOU GO TRANSFER DEBIT TO XXXXXXXXXXX9198,Savings,-2,
6/21/17,6/21/17,PURCHASE AUTHORIZED ON 06/20 LYFT *RIDE MON 5 LYFT.COM CA S387171802676300 CARD 3435,Transportation,-3.08,
6/21/17,6/21/17,PURCHASE AUTHORIZED ON 06/18 13TH STREET MARKET WASHINGTON DC S007169553662253 CARD 3435,Grocery,-26.37,
6/20/17,6/20/17,SAVE AS YOU GO TRANSFER DEBIT TO XXXXXXXXXXX9198,Savings,-1,
6/20/17,6/20/17,PURCHASE AUTHORIZED ON 06/19 EL CHUCHO WASHINGTON DC S387171016241220 CARD 3435,Dining,-10,
6/20/17,6/20/17,Hello Digit Inc. Savings WyaLTtW8PGWygpL Brittany Mayes,Savings,,306.89
6/19/17,6/19/17,SAVE AS YOU GO TRANSFER DEBIT TO XXXXXXXXXXX9198,Savings,-8,
6/19/17,6/19/17,PURCHASE AUTHORIZED ON 06/17 CALIBURGER - DC WASHINGTON DC S387169045758952 CARD 3435,Dining,-19,
6/19/17,6/19/17,PURCHASE AUTHORIZED ON 06/17 LYFT *RIDE FRI 7 LYFT.COM CA S387168851099666 CARD 3435,Transportation,-4.04,
6/19/17,6/19/17,PURCHASE AUTHORIZED ON 06/17 SQ *LEON CARRIER 3 WASHINGTON DC S587168547726258 CARD 3435,Grocery,-9.4,
6/19/17,6/19/17,PURCHASE AUTHORIZED ON 06/17 SQ *GIRARDOT'S CRU WASHINGTON DC S387168537712185 CARD 3435,Grocery,-5.25,
6/19/17,6/19/17,PURCHASE AUTHORIZED ON 06/17 PP*MECHELLESBA ALEXANDRIA VA S587168530400405 CARD 3435,Shopping,-33.84,
6/19/17,6/19/17,PURCHASE AUTHORIZED ON 06/16 COLADA SHOP 2 WASHINGTON DC S387167806335099 CARD 3435,Dining,-29,
6/19/17,6/19/17,PURCHASE AUTHORIZED ON 06/15 THAI CAFE SPRINGFIELD VA S287166796912270 CARD 3435,Dining,-20,
6/19/17,6/19/17,PURCHASE AUTHORIZED ON 06/15 MARKET@WORK 206737 2067379149 WA S587166478765231 CARD 3435,Dining,-20,
6/19/17,6/19/17,PURCHASE RETURN AUTHORIZED ON 06/16 COLADA SHOP 2 202-332-8800 DC S617170552860767 CARD 3435,Dining,,8.8
6/16/17,6/16/17,SAVE AS YOU GO TRANSFER DEBIT TO XXXXXXXXXXX9198,Savings,-4,
6/16/17,6/16/17,Hello Digit Inc. Savings -yB25aJmvzZyxrn Brittany Mayes,Savings,-3.34,
6/16/17,6/16/17,Longford Managem WEB PMTS 061617 9Q4P2 Brittany Mayes,Bills,-737.5,
6/16/17,6/16/17,PURCHASE AUTHORIZED ON 06/15 CVS/PHARM 02278--6400 Alexandria VA P00000000931243468 CARD 3435,Shopping,-10.59,
6/16/17,6/16/17,PURCHASE AUTHORIZED ON 06/15 IMPARK00510137A WASHINGTON DC S587166750652085 CARD 3435,Transportation,-12,
6/15/17,6/15/17,SAVE AS YOU GO TRANSFER DEBIT TO XXXXXXXXXXX9198,Savings,-1,
6/15/17,6/15/17,PURCHASE AUTHORIZED ON 06/15 TRADER JOE'S # 651 SPRINGFIELD VA P00387166783482975 CARD 3435,Grocery,-12.69,
6/15/17,6/15/17,NATL PUB RADIO PAYROLL 170613 XXXXX0379 Mayes Brittany,Paycheck,,1580.83
6/14/17,6/14/17,SAVE AS YOU GO TRANSFER DEBIT TO XXXXXXXXXXX9198,Savings,-4,
6/14/17,6/14/17,Hello Digit Inc. Savings Zy94RPS-DGbJx9N Brittany Mayes,Savings,-2.36,
6/14/17,6/14/17,PURCHASE AUTHORIZED ON 06/14 SAFEWAY STORE 2737 Washington DC P00000000781938585 CARD 3435,Grocery,-19.17,
6/14/17,6/14/17,PURCHASE AUTHORIZED ON 06/13 SQ *INDIGO - INDIA WASHINGTON DC S387164808995608 CARD 3435,Dining,-37.9,
6/14/17,6/14/17,PURCHASE AUTHORIZED ON 06/12 SEASONS CULINARY S WASHINGTON DC S467163472806415 CARD 3435,Dining,-2.32,
6/13/17,6/13/17,SAVE AS YOU GO TRANSFER DEBIT TO XXXXXXXXXXX9198,Savings,-1,
6/13/17,6/13/17,Hello Digit Inc. Savings b1ZszSuePMbklbi Brittany Mayes,Savings,-4.26,
6/12/17,6/12/17,SAVE AS YOU GO TRANSFER DEBIT TO XXXXXXXXXXX9198,Savings,-6,
6/12/17,6/12/17,Hello Digit Inc. Savings -kptyMikvMW1xTF Brittany Mayes,Savings,-13.28,
6/12/17,6/12/17,PURCHASE AUTHORIZED ON 06/11 TAQUERIA HABANERO WASHINGTON DC S467162021865002 CARD 3435,Dining,-24,
6/12/17,6/12/17,PURCHASE AUTHORIZED ON 06/10 13TH STREET MARKET WASHINGTON DC S007161804617885 CARD 3435,Grocery,-21.98,
6/12/17,6/12/17,PURCHASE AUTHORIZED ON 06/10 CHIPOTLE 1390 WASHINGTON DC S307161646525985 CARD 3435,Dining,-11.25,
6/12/17,6/12/17,PURCHASE AUTHORIZED ON 06/09 CALIBURGER - DC WASHINGTON DC S467160802159454 CARD 3435,Dining,-9.2,
6/12/17,6/12/17,PURCHASE AUTHORIZED ON 06/09 HARRIS TEETER #352 WASHINGTON DC S387160633877778 CARD 3435,Grocery,-8.17,
6/9/17,6/9/17,SAVE AS YOU GO TRANSFER DEBIT TO XXXXXXXXXXX9198,Savings,-2,
6/9/17,6/9/17,Hello Digit Inc. Savings bJYYzYXpUMZyeFK Brittany Mayes,Savings,-6.05,
6/9/17,6/9/17,PURCHASE AUTHORIZED ON 06/08 SQ *RAWR SUSHI SPRINGFIELD VA S587159779082193 CARD 3435,Dining,-22,
6/8/17,6/8/17,SAVE AS YOU GO TRANSFER DEBIT TO XXXXXXXXXXX9198,Savings,-7,
6/8/17,6/8/17,Hello Digit Inc. Savings ZJePlL8h8zbyeeD Brittany Mayes,Savings,-18.33,
6/8/17,6/8/17,PURCHASE AUTHORIZED ON 06/07 & PIZZA CHINATOWN WASHINGTON DC S387159072220307 CARD 3435,Dining,-10.5,
6/8/17,6/8/17,PURCHASE AUTHORIZED ON 06/07 IMPARK00510137A WASHINGTON DC S467158775495867 CARD 3435,Transportation,-12,
6/8/17,6/8/17,PURCHASE AUTHORIZED ON 06/07 POTBELLY #233 WASHINGTON DC S587158637800632 CARD 3435,Dining,-10.23,
6/8/17,6/8/17,PURCHASE AUTHORIZED ON 06/06 TED'S BULLETIN WASHINGTON DC S387157829848452 CARD 3435,Dining,-28,
6/8/17,6/8/17,PURCHASE AUTHORIZED ON 06/06 TED'S BULLETIN WASHINGTON DC S467157791496584 CARD 3435,Dining,-10,
6/8/17,6/8/17,PURCHASE AUTHORIZED ON 06/07 WWW.MYKIOSKCARD.CO 206-737-9149 WA S467157500876519 CARD 3435,Dining,-10,
6/7/17,6/7/17,SAVE AS YOU GO TRANSFER DEBIT TO XXXXXXXXXXX9198,Savings,-4,
6/7/17,6/7/17,Hello Digit Inc. Savings bJTkVQYoIfWkxp1 Brittany Mayes,Savings,-13.31,
6/7/17,6/7/17,PURCHASE AUTHORIZED ON 06/05 CHICK-FIL-A #03400 WASHINGTON DC S467157015851057 CARD 3435,Dining,-4.39,
6/7/17,6/7/17,PURCHASE AUTHORIZED ON 06/06 Thip Khao Washington DC S307157003665251 CARD 3435,Dining,-33,
6/7/17,6/7/17,PURCHASE AUTHORIZED ON 06/06 TST* MANDU - K STR WASHINGTON DC S307156627724718 CARD 3435,Dining,-80,
6/7/17,6/7/17,VENMO CASHOUT XXXXX7736 BRITTANY MAYES,Transfer,,121.17
6/6/17,6/6/17,SAVE AS YOU GO TRANSFER DEBIT TO XXXXXXXXXXX9198,Savings,-4,
6/6/17,6/6/17,Hello Digit Inc. Savings byyLUg2qLGbylJU Brittany Mayes,Savings,-54.52,
6/6/17,6/6/17,NFCU ACH PAYMENT 170605 789925850000002 BRITTANY MAYES,Payment,-158,
6/6/17,6/6/17,PURCHASE AUTHORIZED ON 06/05 IMPARK00510137A WASHINGTON DC S587156788643218 CARD 3435,Transportation,-12,
6/6/17,6/6/17,PURCHASE AUTHORIZED ON 06/04 JIFFY LUBE LIVE BRISTOW VA S387156028400016 CARD 3435,Entertainment,-7.5,
6/5/17,6/5/17,SAVE AS YOU GO TRANSFER DEBIT TO XXXXXXXXXXX9198,Savings,-12,
6/5/17,6/5/17,Hello Digit Inc. Savings ZkdDHaRFLf-ylOv Brittany Mayes,Savings,-13.74,
6/5/17,6/5/17,Longford Managem WEB PMTS 060517 PL632 Brittany Mayes,Bills,-737.5,
6/5/17,6/5/17,PURCHASE AUTHORIZED ON 06/05 TARGET T- 3100 14th St Washington DC P00000000371785910 CARD 3435,Shopping,-18.96,
6/5/17,6/5/17,PURCHASE AUTHORIZED ON 06/04 PAYPAL *FUCHSIAMED 402-935-7733 CA S307155457822028 CARD 3435,Shopping,-19.36,
6/5/17,6/5/17,RECURRING PAYMENT AUTHORIZED ON 06/04 CAPITAL BIKE SHARE 866-576-9171 DC S387155147804440 CARD 3435,Transportation,-2,
6/5/17,6/5/17,PURCHASE AUTHORIZED ON 06/03 LYFT *RIDE FRI 9 LYFT.COM CA S467155069203902 CARD 3435,Transportation,-3.97,
6/5/17,6/5/17,PURCHASE AUTHORIZED ON 06/03 STACHOWSKI MARKET ARLINGTON VA S587154738740256 CARD 3435,Dining,-1.99,
6/5/17,6/5/17,PURCHASE AUTHORIZED ON 06/03 STACHOWSKI MARKET ARLINGTON VA S307154723109574 CARD 3435,Dining,-16.86,
6/5/17,6/5/17,PURCHASE AUTHORIZED ON 06/03 CAPITAL BIKE SHARE 866-576-9171 DC S467154655938633 CARD 3435,Transportation,-2,
6/5/17,6/5/17,PURCHASE AUTHORIZED ON 06/02 LYFT *RIDE FRI 8 LYFT.COM CA S307154051069971 CARD 3435,Transportation,-7.11,
6/5/17,6/5/17,PURCHASE AUTHORIZED ON 06/02 CALIBURGER - DC WASHINGTON DC S387154009093367 CARD 3435,Dining,-10,
6/5/17,6/5/17,PURCHASE AUTHORIZED ON 06/02 SQ *INDIGO - INDIA WASHINGTON DC S387153584469457 CARD 3435,Dining,-22.14,
6/2/17,6/2/17,SAVE AS YOU GO TRANSFER DEBIT TO XXXXXXXXXXX9198,Savings,-5,
6/2/17,6/2/17,Hello Digit Inc. Savings ZJFiUODw8fb1xYj Brittany Mayes,Savings,-5.33,
6/2/17,6/2/17,PURCHASE AUTHORIZED ON 06/01 IMPARK00510137A WASHINGTON DC S387152734881676 CARD 3435,Transportation,-10.5,
6/2/17,6/2/17,PURCHASE AUTHORIZED ON 06/01 POTBELLY #233 WASHINGTON DC S387152588258541 CARD 3435,Dining,-5.61,
6/2/17,6/2/17,PURCHASE AUTHORIZED ON 05/31 LYFT *RIDE WED 1 LYFT.COM CA S387152125929026 CARD 3435,Transportation,-5.14,
6/2/17,6/2/17,PURCHASE AUTHORIZED ON 05/31 SEASONS CULINARY S WASHINGTON DC S387151618449361 CARD 3435,Dining,-7.65,
6/1/17,6/1/17,SAVE AS YOU GO TRANSFER DEBIT TO XXXXXXXXXXX9198,Savings,-3,
6/1/17,6/1/17,Hello Digit Inc. Savings WJpCYb9ILzWygpA Brittany Mayes,Savings,-6.4,
6/1/17,6/1/17,NFCU ACH PAYMENT 170531 787779820000002 BRITTANY MAYES,Payment,-658.52,
6/1/17,6/1/17,ONLINE TRANSFER REF #IBENCP43J9 TO COLLEGE CARD XXXXXXXXXXXX1764 ON 06/01/17,Savings,-139.78,
6/1/17,6/1/17,PURCHASE AUTHORIZED ON 05/31 LYFT *RIDE TUE 1 LYFT.COM CA S307151521001335 CARD 3435,Transportation,-4.03,
6/1/17,6/1/17,NATL PUB RADIO PAYROLL 170530 XXXXX0379 Mayes Brittany,Paycheck,,1491.6